theta,block_count,base_policy_value_mean,base_policy_value_ci_low,base_policy_value_ci_high,base_stale_regret_mean,base_stale_regret_ci_low,base_stale_regret_ci_high,base_relative_loss_mean,base_relative_loss_ci_low,base_relative_loss_ci_high,base_target_overlap_mean,base_target_overlap_ci_low,base_target_overlap_ci_high,base_missed_at_risk_mean,base_missed_at_risk_ci_low,base_missed_at_risk_ci_high,base_window_miss_rate_mean,base_window_miss_rate_ci_low,base_window_miss_rate_ci_high,partial_reopt_policy_value_mean,partial_reopt_policy_value_ci_low,partial_reopt_policy_value_ci_high,partial_reopt_stale_regret_mean,partial_reopt_stale_regret_ci_low,partial_reopt_stale_regret_ci_high,partial_reopt_regret_recovery_ratio_mean,partial_reopt_regret_recovery_ratio_ci_low,partial_reopt_regret_recovery_ratio_ci_high,partial_reopt_full_refresh_value_ratio_mean,partial_reopt_full_refresh_value_ratio_ci_low,partial_reopt_full_refresh_value_ratio_ci_high,partial_reopt_optimization_call_ratio_mean,partial_reopt_optimization_call_ratio_ci_low,partial_reopt_optimization_call_ratio_ci_high
0.05,1728,144361069.93101,141858010.056937,147052719.01972,-936875.739846,-998023.424264,-876686.035842,-0.007518,-0.008149,-0.006889,0.881314,0.879957,0.8826,0.164348,0.162327,0.166584,0.007588,0.006922,0.008198,141863084.698045,139126218.051405,144666341.955053,1561109.493119,1498268.502065,1625727.383524,-5.029402,-6.176537,-4.144754,0.988934,0.988444,0.989345,0.131593,0.130762,0.132431
0.1,1728,144361069.93101,141565392.270555,147440951.536368,-936875.739846,-1005273.998678,-865814.970779,-0.007518,-0.008202,-0.006887,0.881314,0.880068,0.882612,0.164348,0.162343,0.166497,0.007588,0.006913,0.008193,142567953.189748,139578318.593738,145207902.15453,856241.001416,801705.07572,913307.321886,-3.29032,-4.056374,-2.68031,0.994001,0.993544,0.994473,0.059854,0.059097,0.060529
0.15,1728,144361069.93101,141607871.049216,147070288.739665,-936875.739846,-992364.056063,-872910.479406,-0.007518,-0.00811,-0.006885,0.881314,0.88011,0.882881,0.164348,0.161977,0.16642,0.007588,0.006975,0.008289,143305043.217901,140273017.675685,146454686.419844,119150.973263,60690.954869,170001.435952,-1.910092,-2.303339,-1.550563,0.999367,0.99879,0.999971,0.032744,0.032234,0.033355
